query,paper_title,retrieved_with_paper,position_with_paper
How can self-cleaning surfaces inspired by lotus leaves be applied in solar panel maintenance?,"Natural and synthetic superhydrophobic surfaces: A review of the fundamentals, structures, and applications",True,1
What natural processes can be used to design surfaces that repel water and oil?,"Natural and synthetic superhydrophobic surfaces: A review of the fundamentals, structures, and applications",True,1
Explore the application of hydrophobic coatings in reducing equipment cleaning costs.,"Natural and synthetic superhydrophobic surfaces: A review of the fundamentals, structures, and applications",True,1
What are the differences between hydrophilic and hydrophobic surfaces in self-cleaning technology?,"Natural and synthetic superhydrophobic surfaces: A review of the fundamentals, structures, and applications",True,1
How do butterfly wings inspire the design of water-repellent surfaces for industrial use?,"Natural and synthetic superhydrophobic surfaces: A review of the fundamentals, structures, and applications",True,1
How can distributed algorithms from nature be used to maintain and repair network infrastructure autonomously?,A distributed algorithm to maintain and repair the trail networks of arboreal ants,True,1
What lessons from turtle ant trail networks can optimize traffic flow in urban planning?,A distributed algorithm to maintain and repair the trail networks of arboreal ants,True,1
How can swarm intelligence models mimic ant behavior for efficient resource routing in logistics?,A distributed algorithm to maintain and repair the trail networks of arboreal ants,True,1
What biological principles can improve fault-tolerance in robotic systems inspired by ant trail maintenance?,A distributed algorithm to maintain and repair the trail networks of arboreal ants,True,1
How can natural algorithms from ants inform the design of resilient communication networks?,A distributed algorithm to maintain and repair the trail networks of arboreal ants,True,1
How can biomimetic gripper designs improve autonomous object manipulation in robotics?,Bioinspiration and Biomimetic Art in Robotic Grippers,True,1
What natural mechanisms can inform the development of adaptive robotic grippers for delicate tasks?,Bioinspiration and Biomimetic Art in Robotic Grippers,True,2
How can animal-inspired gripping techniques enhance robotic dexterity in manufacturing?,Bioinspiration and Biomimetic Art in Robotic Grippers,True,1
What materials and actuation methods from nature can optimize the efficiency of robotic grippers?,Bioinspiration and Biomimetic Art in Robotic Grippers,True,1
How can bioinspired grippers be utilized to improve automation in healthcare and service industries?,Bioinspiration and Biomimetic Art in Robotic Grippers,True,1
How can biomimetic algorithms enhance the mapping of dark matter in the cosmic web?,Revealing the Dark Threads of the Cosmic Web,True,1
"What role does the intergalactic medium play in the structure of the cosmic web, according to new detection methods?",Revealing the Dark Threads of the Cosmic Web,True,1
How can slime mold-inspired models help in understanding the distribution of dark matter?,Revealing the Dark Threads of the Cosmic Web,True,1
What are the implications of shock-heating and ionization in cosmic web filaments for cosmological studies?,Revealing the Dark Threads of the Cosmic Web,True,1
How does the new method for detecting cosmic web structures compare to traditional spectroscopy techniques in revealing hidden matter?,Revealing the Dark Threads of the Cosmic Web,True,1
How can synthetic materials emulate the adaptive growth and strengthening observed in biological tissues?,Mechanoresponsive self-growing hydrogels inspired by muscle training,True,1
What principles from muscle adaptation can be applied to develop self-repairing materials?,Mechanoresponsive self-growing hydrogels inspired by muscle training,True,1
How can we create polymeric systems that enhance durability through repeated mechanical stimuli?,Mechanoresponsive self-growing hydrogels inspired by muscle training,True,1
"What are potential applications for materials that can grow stronger with use, inspired by natural processes?",Mechanoresponsive self-growing hydrogels inspired by muscle training,True,1
How can engineered hydrogels be designed to mimic the self-repairing capabilities of living organisms?,Mechanoresponsive self-growing hydrogels inspired by muscle training,True,1
